<application>
  <component name="CodeLensSettings">
    <anchor>
      <map>
        <entry key="VcsAuthorCodeLensProvider" value="Right" />
      </map>
    </anchor>
    <enabled>
      <map />
    </enabled>
    <order>
      <list>
        <option value="F# Inferred types" />
        <option value="Usages" />
        <option value="VcsAuthorCodeLensProvider" />
        <option value="Derived symbols" />
        <option value="Extension methods" />
        <option value="Exposing API" />
        <option value="Burst compiled code" />
        <option value="Unity implicit usage" />
        <option value="Unity serialized field" />
        <option value="IL code" />
        <option value="derived blueprint class" />
        <option value="UFunctions implementations" />
        <option value="UProperties write access" />
      </list>
    </order>
  </component>
</application>